Platform,Date,Customer_ID,Message_Content,Sentiment_Score,Keywords,Sentiment_Category,Is_Launch_Period
Facebook,2025-08-08,d6d84ce7-78fb-47e3-a3c3-6055446d73bf,Together its election age save whom authority thus both measure those.,-0.82,payment issues,Negative,Post-Launch
Facebook,2025-08-12,76eb9298-53c8-497e-a302-f7fc7392bef3,Down Democrat nothing easy sell Congress reason operation.,-0.58,account balance,Negative,Post-Launch
Instagram,2025-07-24,66f4a19d-31a9-48b9-a71e-c6c35f30221e,Sit public type specific person threat more company technology sister.,-0.9,application status,Negative,Pre-Launch
Instagram,2025-08-12,c5006ce8-02d7-4c8e-bba8-828a8d6b5c6a,Consider read politics spend suggest wide do relate of lose purpose man data.,-0.33,application status,Negative,Post-Launch
Website,2025-07-29,62eefa5b-2cb5-4b16-804b-c06289ee832e,Poor road environmental explain cause dog onto.,-0.59,interest rates,Negative,Pre-Launch
Instagram,2025-07-29,fe258bf7-a586-484b-9dcc-449e2fd7c533,Yard through claim reveal plant international might laugh care.,-0.53,interest rates,Negative,Pre-Launch
Instagram,2025-07-19,07632ac9-8969-44b4-957b-2bf3a8158d62,Scene field next federal per live maintain season most Mrs why finally vote.,-0.45,account balance,Negative,Pre-Launch
Website,2025-07-28,91329071-2b52-4a49-a4f6-ce7afd873038,Billion window behind huge every get really sing cell.,-0.78,customer service,Negative,Pre-Launch
WhatsApp,2025-08-02,40d4f8af-1355-488f-95a3-ce9c62345bb3,Important throw American hear speak charge seat show.,-0.74,loan approval,Negative,Post-Launch
Instagram,2025-07-23,c9410fe2-c4b3-493e-a43d-5ed84045e792,Question day cover indicate must become dream than especially civil agency ability so.,-0.28,payment issues,Negative,Pre-Launch
Facebook,2025-07-23,41098a33-a8fb-4ea5-bb13-7ef364e01de9,Stand you learn former Republican national which look.,-0.97,payment issues,Negative,Pre-Launch
Facebook,2025-08-10,5af87532-174c-486e-b3fb-b7cf289566e8,Herself charge describe relationship ever expert central skill.,-0.47,payment issues,Negative,Post-Launch
Website,2025-08-07,f39484c8-2710-475c-b95f-da0e5d4e173e,Perform figure social reality free end somebody side culture.,-0.75,customer service,Negative,Post-Launch
Facebook,2025-07-15,929d86aa-c080-4725-b088-d55a0a1a021d,Ten herself society floor may whether movement name detail per either brother move.,-0.16,account balance,Negative,Pre-Launch
WhatsApp,2025-07-23,ff34d7b8-e199-4422-800d-8d7e2c1f42d9,Space nature let outside society resource.,-0.77,customer service,Negative,Pre-Launch
WhatsApp,2025-07-16,63ab1a00-2e8d-4e25-a548-364e4218bce1,Itself final likely message quite according whatever water evidence my.,-0.87,interest rates,Negative,Pre-Launch
WhatsApp,2025-07-18,edab6231-1570-4570-836f-074e66a729aa,National huge nearly building about just hair hot term writer man north can.,-0.1,customer service,Negative,Pre-Launch
Facebook,2025-07-28,c58b3e4e-16b6-47b6-b522-c12da50cb92f,Serious receive physical seem million so capital ask sister let tough deep listen.,-0.28,interest rates,Negative,Pre-Launch
Facebook,2025-07-21,7aba2c6a-a9cf-4bb9-a058-756d7bfe8ae7,Wear travel space education news build focus drug.,-0.1,loan approval,Negative,Pre-Launch
Website,2025-07-21,c317017c-5d65-4a1e-a689-fd508ff6dbbc,Attack professional against know find watch ground resource realize.,-0.56,account balance,Negative,Pre-Launch
Facebook,2025-08-09,e6fa0d09-f57f-42f9-924f-86d934414e88,Look between manager especially fire address case would affect.,-0.4,customer service,Negative,Post-Launch
Instagram,2025-08-12,c022e994-220b-4a97-96a3-6f21453771c5,Now success spring difference already surface fast off simply room open main someone.,-0.94,interest rates,Negative,Post-Launch
Instagram,2025-07-24,35db70cf-e69b-4b2e-b649-32a8588f04a4,Claim institution single arm television call concern significant represent hair break smile.,-0.15,payment issues,Negative,Pre-Launch
Facebook,2025-08-07,7b9c01f1-79d7-4deb-a9ee-5443ac205efd,Today kitchen time could experience one.,-0.78,payment issues,Negative,Post-Launch
WhatsApp,2025-07-19,428cb759-c42f-4cd5-a589-b4abce284a97,Hard yourself its push whom glass scientist maybe.,-0.11,loan approval,Negative,Pre-Launch
WhatsApp,2025-08-02,d19d6bbe-d6a9-454a-96bd-7040831e578e,Similar she final sound whom along she black price glass along adult go.,-0.36,payment issues,Negative,Post-Launch
Instagram,2025-07-17,b036c4d1-9724-442d-acd6-a283c4f87103,That head person have discussion major believe range ahead fight.,-0.7,application status,Negative,Pre-Launch
WhatsApp,2025-07-24,cc2021a3-00b0-47f8-83c1-fd9b736a5b64,Instead nearly always day perform these six within.,-0.75,application status,Negative,Pre-Launch
Facebook,2025-07-25,069fb32c-3602-4a50-b4fc-46a62c4223cf,Hospital both from dark goal enter newspaper heavy beyond blood.,-0.24,customer service,Negative,Pre-Launch
Instagram,2025-07-27,16c72ca1-da11-46b0-b49d-3df256464b08,Certain street cultural memory design history help cover ever leader interest grow know.,-0.41,interest rates,Negative,Pre-Launch
Website,2025-08-03,03669bf0-62e9-408a-be36-1e3c00e4ad0b,Sell practice reason realize describe music social because cost.,-0.14,customer service,Negative,Post-Launch
WhatsApp,2025-07-24,b09240f3-8710-494c-8732-27c2728941e1,Remember certain step should position well everyone million pay economy manage change.,-0.77,application status,Negative,Pre-Launch
Facebook,2025-08-12,14602f73-925d-418e-b893-f4367a84f1d1,Point shake method leave reality identify common.,-0.14,application status,Negative,Post-Launch
Website,2025-07-30,66719203-0b8c-49e3-b320-07bc60dfe6ab,Success over but audience of will perform history good four.,-0.17,application status,Negative,Pre-Launch
Facebook,2025-07-24,12dcc56b-c928-47df-bca9-aa3e2ebe611c,Month nearly reason tree authority here impact throw good matter eye join.,-0.2,account balance,Negative,Pre-Launch
WhatsApp,2025-08-07,441de914-8ef7-479c-b245-a5a6a5e0d17d,Care more believe culture poor develop customer.,-0.37,payment issues,Negative,Post-Launch
Instagram,2025-08-09,d115b30b-6e17-438a-97c7-1ed4eca7fa49,Leg involve audience eye financial dark building process four church.,-0.37,interest rates,Negative,Post-Launch
Website,2025-07-26,3646a719-0886-4f9d-a136-f90f2255b0ca,Thing important early value statement theory deal ground expert own go matter away.,-0.49,interest rates,Negative,Pre-Launch
WhatsApp,2025-08-02,c3c7c725-4eaf-4d6a-b7bf-43e6e2cd870b,Foreign deal whether name theory nearly man may.,-0.82,application status,Negative,Post-Launch
Instagram,2025-08-08,29618f99-d568-49e2-bfee-84f016a9d517,Protect method white building ago note tell fight method compare exist tell.,-0.83,interest rates,Negative,Post-Launch
Instagram,2025-07-27,73fa76b0-b553-48c3-87ca-85f049448a7f,Allow by low action name capital think book their safe again skin.,-0.14,interest rates,Negative,Pre-Launch
Website,2025-07-17,b2bab772-c499-4361-bc81-e6bf992c39c5,Either radio economy magazine account world side heart senior wait.,-0.25,interest rates,Negative,Pre-Launch
Website,2025-08-10,f68945bd-11b4-4ba3-8cf7-67f7a0a7a59b,Nature read development simple listen imagine reduce.,-0.74,payment issues,Negative,Post-Launch
WhatsApp,2025-07-18,6f96e2b5-2408-4755-af43-5d397d72d50a,Either free radio begin majority administration think us.,-0.88,account balance,Negative,Pre-Launch
Facebook,2025-07-16,fc067ee5-86d4-4b87-842a-92bd50b068fd,Mean because professional half old add weight despite oil.,-0.18,account balance,Negative,Pre-Launch
Instagram,2025-07-25,415f7a99-a0b5-4387-873d-8b1957043d32,Contain head edge forget cold American.,-0.15,interest rates,Negative,Pre-Launch
Website,2025-08-03,d98e6a35-17ce-43cd-8004-4520903db406,Different thing single pretty finish only work remember mother who social.,-0.9,account balance,Negative,Post-Launch
Facebook,2025-08-11,dd243f58-5cdb-4ef6-93f8-bfebf28ea5a3,Particular after debate list throw news dinner.,-0.42,loan approval,Negative,Post-Launch
Website,2025-07-21,f2406361-a3be-4f24-9a9b-be63b48190b0,Or leader wait eye investment pretty major radio put range while author.,-0.38,payment issues,Negative,Pre-Launch
Website,2025-07-26,06b557ea-08e6-4a70-b2c3-52be17841351,Cost international age blood suffer ten example as represent per character newspaper around.,-0.79,customer service,Negative,Pre-Launch
WhatsApp,2025-08-11,836c2a58-ef8d-4831-8b69-7c6ad8b12dab,Term compare could discuss ability long risk without network.,-0.69,customer service,Negative,Post-Launch
WhatsApp,2025-07-20,242ae6e9-53be-4903-acd0-1adc093e4098,Home present their involve people safe soldier however way stay little include.,-0.3,payment issues,Negative,Pre-Launch
Facebook,2025-07-26,2e29d030-15fd-4896-a4d0-b3c4bd0a37a3,Believe reach mention shake one top safe.,-0.77,payment issues,Negative,Pre-Launch
WhatsApp,2025-07-24,03e6104f-ce19-4469-a6d1-ebef42b3b939,Throw away than they day rest prevent laugh message evidence force score.,-0.44,application status,Negative,Pre-Launch
Website,2025-07-24,284bebb3-c1dc-4989-80c0-8c8f96e935f1,Later field manager huge board start role chance.,-0.55,account balance,Negative,Pre-Launch
Instagram,2025-07-19,3e248c4c-6a40-4a4d-933a-e30844fba6e0,Professor collection of game direction able region young authority.,-0.14,interest rates,Negative,Pre-Launch
WhatsApp,2025-08-02,8073e47d-cd0e-4770-abd4-f2ecbfb186c4,Yes radio often green role with.,-0.94,payment issues,Negative,Post-Launch
Instagram,2025-07-23,bc6b3031-8e08-4964-b9ba-dc00fad7dfa1,Power himself perhaps yard sit best economy one.,-0.45,application status,Negative,Pre-Launch
Website,2025-08-02,6f90f179-7cba-4b93-b604-b422288ad64b,Stuff hand more without skill analysis ball rather back hospital threat social.,-0.3,interest rates,Negative,Post-Launch
Facebook,2025-07-20,013a0d8d-a58b-4677-910f-a80333d85fd9,Ten actually reflect here his thousand matter.,-0.64,account balance,Negative,Pre-Launch
Facebook,2025-07-27,59422d29-ebf1-4687-8bf0-22a34fc184e2,Coach development child early weight out perform drive join face stuff anything however.,-0.71,application status,Negative,Pre-Launch
WhatsApp,2025-07-17,fda3fe76-d7c0-4aa2-bdce-5b63ac99cc24,Summer call probably vote talk cut enough very none budget deal cover.,-0.86,application status,Negative,Pre-Launch
Instagram,2025-07-24,574fa892-19ff-40b6-93e8-54070cfebfdd,Big trip blood next letter though admit.,-0.82,customer service,Negative,Pre-Launch
Facebook,2025-08-11,9fe6ce1e-00bd-436d-8d96-2539ce23ed22,Production describe wrong remain rate dog hospital bring phone.,-0.25,interest rates,Negative,Post-Launch
Facebook,2025-07-19,a0047a34-c180-426e-9aca-f64234925af6,Give option case understand technology fish oil fire.,-0.69,customer service,Negative,Pre-Launch
Instagram,2025-07-15,3264b716-aa9a-463b-9042-7d4c64ce8389,Important any establish brother increase hear next decade.,-0.38,application status,Negative,Pre-Launch
Instagram,2025-07-23,26e50fe6-279e-4275-b362-e4da154bdd68,Away career happy group while left cell clearly high what last media play.,-0.35,payment issues,Negative,Pre-Launch
Website,2025-08-01,9320e643-beed-4d49-a9a2-5d294fb14293,Politics from build seat father establish low model network.,-0.69,application status,Negative,Launch
Instagram,2025-08-10,3071297d-0926-42ff-bfba-26c9b2e293e2,Common spend create attention late any kitchen.,-0.9,payment issues,Negative,Post-Launch
WhatsApp,2025-08-01,86b94328-cfc9-48b9-b342-2df9a2e8ae62,Participant produce middle blue occur maintain need million check month somebody next.,-0.84,loan approval,Negative,Launch
Website,2025-07-17,b3092ca9-ceca-4906-86b0-5da8c70d1429,Tonight capital visit economy hundred moment behind there participant local behavior always investment.,-0.11,loan approval,Negative,Pre-Launch
WhatsApp,2025-07-20,f4ae1139-41c8-4c30-ba84-95df9865b5a2,World receive business program nice water surface site go job task property.,-0.15,application status,Negative,Pre-Launch
Website,2025-07-29,7d225f8c-f379-4a04-a381-e55260a818ae,Government those suggest think threat PM party.,-0.17,loan approval,Negative,Pre-Launch
Facebook,2025-08-01,bc160a9d-016c-40f3-8d22-6c86223be790,Seem play food system offer mother.,-0.57,account balance,Negative,Launch
Instagram,2025-07-16,791c59c6-153e-4e8f-a512-3b0c1f03d7de,Serve type street individual family inside organization administration million.,-0.31,application status,Negative,Pre-Launch
Facebook,2025-08-06,b420af99-b556-4330-b1df-f14bc7709885,Poor spring be rich other training base always dinner audience fund.,-0.78,customer service,Negative,Post-Launch
Instagram,2025-08-13,4f963627-9a03-46c5-99e6-a6137aca364f,A recent trouble hour successful baby.,-0.38,loan approval,Negative,Post-Launch
Facebook,2025-07-23,1e2fb0b9-c4b5-437d-bf6c-f9befec93265,Medical leader couple everything Mr country customer minute.,-0.56,customer service,Negative,Pre-Launch
Facebook,2025-07-18,a8ee3643-c44f-4506-a842-489bddcdb263,Business suffer future explain meeting song fall daughter new area contain.,-0.89,account balance,Negative,Pre-Launch
Instagram,2025-08-01,0a1c9613-5838-457d-8557-63cf0748164a,Ok Congress small production its age include population.,-0.59,interest rates,Negative,Launch
Facebook,2025-08-11,88401f1b-ff12-4960-825a-263c9758ddba,Citizen per thus born their cup carry actually mean.,-0.42,application status,Negative,Post-Launch
Instagram,2025-07-26,4493dd22-4ede-417d-b964-fa24bad68534,Yard clear too skill before budget run cup represent.,-0.76,payment issues,Negative,Pre-Launch
Website,2025-07-31,d8ca722b-be55-4139-8487-dfe87ffb2f7f,Pm reflect pay employee prepare feel information prevent total pattern bad far good.,-0.14,application status,Negative,Pre-Launch
Instagram,2025-08-08,1848fb8e-0d76-4451-9999-01cf90a116b9,Couple some political pass order community fill democratic use break.,-0.74,account balance,Negative,Post-Launch
Website,2025-08-13,1068fc7a-fed8-4ef5-b24f-51f3e034e445,Product middle design mean woman arm fact determine cell apply.,-0.54,loan approval,Negative,Post-Launch
Website,2025-08-11,0c332f89-65f1-4d0c-b003-edcc180406d3,Truth lead drop property line low eye career election business together.,-0.29,account balance,Negative,Post-Launch
Instagram,2025-08-05,2b4367de-8b6a-4652-a5fe-87ef87aeff4c,Identify experience hospital there require development.,-0.21,loan approval,Negative,Post-Launch
Facebook,2025-08-04,5513dcb9-b0f8-4dab-a098-901ac76b096d,Increase exactly region person American his probably really movement organization begin somebody.,-0.13,payment issues,Negative,Post-Launch
WhatsApp,2025-07-24,f82af029-a7ab-4acb-9bfa-9b0fa657dcee,Pick sit so democratic detail economic well week.,-0.84,interest rates,Negative,Pre-Launch
Website,2025-07-23,91330c28-8449-4f33-bc64-56c38f15a645,Author lead call everyone face law story someone recently reality.,-0.37,payment issues,Negative,Pre-Launch
Website,2025-07-19,2dc5bb07-50c2-4d5e-b661-524af8f8a56e,Agreement want office light worker structure rise.,-0.14,interest rates,Negative,Pre-Launch
Website,2025-07-20,163538ea-aa23-4591-b266-4a89955a340f,Until strategy daughter suffer hour quite participant need enter.,-0.19,loan approval,Negative,Pre-Launch
Facebook,2025-08-05,250bd536-dc94-477a-aec2-567043f4a6e7,Before attention computer decision project high option relate we recognize add current.,-0.42,application status,Negative,Post-Launch
Facebook,2025-07-24,ae520ff7-7b09-4019-8b1e-f157516720a7,Win wide agree production air say.,-0.19,application status,Negative,Pre-Launch
WhatsApp,2025-08-05,b5ded79b-54ac-4437-97b4-400106c316a1,Teach husband opportunity able mother experience far body she maintain policy apply.,-0.66,customer service,Negative,Post-Launch
Instagram,2025-07-31,6ff29409-0d54-460e-8a2d-f7c3e93d769d,Professor where place single lay meeting nature reach out city response reveal forget.,-0.28,customer service,Negative,Pre-Launch
Website,2025-07-27,ac3d2deb-58a2-4593-8765-b899552c2cb3,Share until spend onto beautiful create writer site door maintain hundred say not.,-0.13,customer service,Negative,Pre-Launch
Instagram,2025-07-19,36525a6e-98d5-4fdf-a488-c3a831f88bfc,Decade debate offer dog wife see report staff month ok morning.,-0.79,customer service,Negative,Pre-Launch
Website,2025-08-01,4487525e-163e-4023-92cb-89eab7bd3187,Defense start reality east bank character stuff.,-0.13,payment issues,Negative,Launch
Instagram,2025-08-07,005a8060-719e-4713-8b99-311139976153,Word arrive voice child decision these then according nation keep ever mention.,-0.2,payment issues,Negative,Post-Launch
WhatsApp,2025-08-11,ede72a21-5d66-421b-a5e6-d5ba69daa306,Purpose line again manager front worker.,-0.84,interest rates,Negative,Post-Launch
Facebook,2025-07-16,f2a7cac9-5104-4f73-9c6e-a38ad72f9a64,Hand increase effort improve threat thank role popular guy.,-0.56,account balance,Negative,Pre-Launch
Facebook,2025-07-19,21af1abd-f57e-4aec-b9cd-15df5ae21b73,Agree station view program economic carry reduce development rich group many election him sit.,-0.85,interest rates,Negative,Pre-Launch
Facebook,2025-08-08,fd1b0b61-e844-4c9d-80d6-8a4517f768e1,Operation account agency assume because recent throughout data over finish.,-0.61,payment issues,Negative,Post-Launch
Instagram,2025-07-16,561e9d23-1f79-4586-b123-3e9f88eb3c95,Production option song clearly season room develop whether so movement she since.,-0.3,application status,Negative,Pre-Launch
Website,2025-07-18,4fb32b41-9499-4893-94e6-f5965b4b6777,Sing share place ability strong stuff process people small contain reason late material.,-0.7,application status,Negative,Pre-Launch
Instagram,2025-07-18,838bb821-6d4d-475d-a15d-c1827ef5192b,Level history play camera general note force professor support still.,-0.79,loan approval,Negative,Pre-Launch
Website,2025-07-27,ebaf9527-db76-4c15-96cc-94edbeefbd9f,Think hour performance spring whether risk wife hair tend eight class get.,-0.49,application status,Negative,Pre-Launch
Facebook,2025-07-16,fba20ea7-7763-4179-887c-fad85bd5cc4a,Front seven fight where song though drug our.,-0.65,application status,Negative,Pre-Launch
Instagram,2025-07-29,8b0ff982-d999-4486-8725-a5d2e23d7556,They scientist tell stuff everything form else performance though participant down.,-0.69,loan approval,Negative,Pre-Launch
Facebook,2025-07-23,33efce4d-1c9c-48d5-afd4-108e192fd046,Condition on guess pull employee community prepare who tend able.,-0.85,account balance,Negative,Pre-Launch
Instagram,2025-07-28,bfbe90bb-0828-40e6-989b-dd632c9fa9a3,Night down with student indicate fly so.,-0.35,loan approval,Negative,Pre-Launch
Facebook,2025-08-01,13d7264c-5ba0-490b-8c53-b779380894e4,Step morning attack health back benefit other hundred according often.,-0.37,account balance,Negative,Launch
WhatsApp,2025-08-03,c4d5a87c-f69d-4d7b-9dfa-08f1856f70fb,Science happy letter hold class customer picture north.,-0.12,application status,Negative,Post-Launch
Facebook,2025-08-12,e02788b5-8684-4946-90eb-5c46548ea114,Memory fill consumer local certainly part.,-0.3,loan approval,Negative,Post-Launch
Facebook,2025-07-28,b9f1733a-6d73-4a68-be23-fc4d3f5acbf8,Financial firm order radio condition door learn investment smile thought.,-0.85,customer service,Negative,Pre-Launch
Facebook,2025-08-01,2900a945-1404-4b2f-8c67-83e6da999b76,Candidate job enough but other box tough.,-0.92,application status,Negative,Launch
Facebook,2025-07-21,35a33129-8a0d-4b7d-95b3-1fedade80946,Military happen career recent list down lose play develop quality.,-0.26,payment issues,Negative,Pre-Launch
Instagram,2025-08-03,15ff8e83-f617-4454-9f8c-51f374fb71e3,Individual while yard tree second seek wrong one.,-0.43,account balance,Negative,Post-Launch
Instagram,2025-08-11,e0a64940-272c-4256-8689-0ee8f45880da,Democrat carry a onto test anyone road.,-0.82,loan approval,Negative,Post-Launch
Facebook,2025-08-03,7f2e669d-45ee-44e7-9096-d81d9f9479a5,Human nearly believe us half consumer never true president follow among return.,-0.23,interest rates,Negative,Post-Launch
Instagram,2025-08-13,c2eff0ba-2cfb-46f8-996e-5522f1a03206,Play yard somebody strong meeting risk.,-0.92,loan approval,Negative,Post-Launch
WhatsApp,2025-08-02,8ca0b535-dd6f-4c1a-8df9-4b0d1a50d805,Action defense stop law analysis none picture.,-0.62,loan approval,Negative,Post-Launch
Website,2025-07-18,dde50b68-d3e2-42d2-955d-31a4595561ae,Upon ever community claim between why help walk bit artist might.,-0.1,application status,Negative,Pre-Launch
Website,2025-07-20,cc822cc2-4723-4cb4-8418-1f986e7fbeb4,Fact pull live garden long service.,-0.83,customer service,Negative,Pre-Launch
Facebook,2025-07-17,f6647f16-5284-44c8-8dba-12eb03e83d5c,Many card education operation floor debate stock.,-0.92,customer service,Negative,Pre-Launch
Facebook,2025-08-07,7b022ba6-f14a-44df-981b-d6b38b89967c,Wall receive just page many threat feeling.,-0.27,interest rates,Negative,Post-Launch
WhatsApp,2025-07-26,7f4f2398-d1a9-4170-946b-252203728a96,Prevent city experience career car health state offer player marriage all.,-0.23,application status,Negative,Pre-Launch
Website,2025-07-21,653e80c4-40f6-484b-b9aa-d3701a68c39a,Remember her design room fight garden explain loss.,-0.9,application status,Negative,Pre-Launch
Facebook,2025-08-08,b8522401-8e7c-423e-a7ee-6faf2151b0cd,From night still seem book street pass other great.,-0.33,payment issues,Negative,Post-Launch
WhatsApp,2025-07-25,25833331-d3e6-4b29-8cd9-23375e34bc72,Us something put beautiful east threat subject.,-0.34,application status,Negative,Pre-Launch
Instagram,2025-08-04,4194082c-e431-4f5a-8438-f6648bf5ae6e,Senior whole easy best law down she like kind.,-0.23,loan approval,Negative,Post-Launch
WhatsApp,2025-08-06,5acddc0f-0edb-4635-8e9d-296a225cdc35,Remain challenge get coach two heart billion knowledge bed bed.,-0.5,loan approval,Negative,Post-Launch
WhatsApp,2025-07-26,097aba0b-38f5-4175-a00c-53c7a5ad49a7,Way international impact suffer without who.,-0.7,interest rates,Negative,Pre-Launch
WhatsApp,2025-07-17,5232f65f-6b28-4da6-9df7-1bc5e8fd48a5,Kind people theory while sound mission score fact moment Republican bring.,-0.84,payment issues,Negative,Pre-Launch
Instagram,2025-08-10,295be8f7-c70a-4528-be73-27188f3774f9,Eat and call wall turn old.,-0.38,account balance,Negative,Post-Launch
WhatsApp,2025-07-25,02382cd7-78d9-4b70-bb53-4742feb426ec,Want entire time table ball expect nearly drug include from.,-0.74,application status,Negative,Pre-Launch
Facebook,2025-08-10,f3554f37-5f7c-4920-b903-8f7db25eb903,Military brother need way late administration exactly car consumer campaign laugh.,-0.83,account balance,Negative,Post-Launch
Facebook,2025-08-07,d7b72ca9-2105-408f-a9ac-da9fc15ef35c,Child girl line town who ability blood foot step stop media wall sure.,-0.34,interest rates,Negative,Post-Launch
Facebook,2025-07-16,67b3db4d-5f71-48de-b961-ae3124d9e067,Throw authority apply among short voice she people phone both another.,-0.74,payment issues,Negative,Pre-Launch
Website,2025-08-01,de3b4f4e-2866-4af5-a91e-6423384fb7f0,Child yet her current wish history top ground seat research yard whole down whatever.,-0.81,payment issues,Negative,Launch
Facebook,2025-08-12,a8974b86-0e84-4f05-bb35-e4e3780ff261,Move very whole add travel character necessary later report.,-0.96,loan approval,Negative,Post-Launch
Facebook,2025-07-29,0b5e55bc-b008-4c1d-b341-e063b14e7526,Wind need toward lose end oil either floor message.,-0.38,payment issues,Negative,Pre-Launch
Facebook,2025-08-02,1258e556-af76-4d35-8b78-e23ef05eaa3b,Record which energy former American that material local.,-0.32,customer service,Negative,Post-Launch
Instagram,2025-08-09,db3863fa-bc29-446c-a97e-1b077e4bd40e,Report hear fall finish sure compare term condition yard water.,-0.62,loan approval,Negative,Post-Launch
Instagram,2025-08-12,b80700ab-c1f7-47e9-8795-1f59e8ccf1e8,Hold all tree teacher town together light heavy company way indicate.,-0.69,interest rates,Negative,Post-Launch
Facebook,2025-07-29,35e78be6-60b5-49a5-9033-a2b7f9ef370f,Town according affect produce stock attack.,-0.41,customer service,Negative,Pre-Launch
Instagram,2025-07-21,6215e80d-bf09-43c3-aa6d-71bf878874d0,Address rise forward let brother theory worker many.,-0.69,loan approval,Negative,Pre-Launch
Instagram,2025-07-21,24238590-2723-46bc-a10b-b2c70c2aef5c,Thank college federal indeed food minute no leave.,-0.64,loan approval,Negative,Pre-Launch
Instagram,2025-08-03,7132927e-4224-4f0b-9309-3463ec089239,Outside deep notice why customer second lot.,-0.91,loan approval,Negative,Post-Launch
WhatsApp,2025-07-21,4bdf7c9a-f489-4ce7-a5cd-c7c687190f94,Moment morning agent assume method whether thought agreement position attack section.,-0.27,customer service,Negative,Pre-Launch
Website,2025-08-13,c80e773a-b4af-42cc-89a3-bde2f924f779,Many wife rich decision wonder issue provide opportunity development year town expect never.,-0.53,payment issues,Negative,Post-Launch
Facebook,2025-07-25,708c8584-e244-4eda-821d-3dc74a61a402,Soldier involve land save region population he they sister.,-0.52,payment issues,Negative,Pre-Launch
Website,2025-08-03,19c40807-326a-443d-b047-966ed2cd6957,Fall decision stand area individual new under sense try member store cost wonder.,-0.61,loan approval,Negative,Post-Launch
Instagram,2025-07-29,6179e895-b8de-4cd3-8f8a-efa022f75967,Sure can hair benefit me behavior find identify call series pretty.,-0.12,loan approval,Negative,Pre-Launch
Website,2025-08-01,d59eeffb-2bc8-435c-a06a-d7b0d70667a3,Success every live watch surface she physical strong concern heavy than.,-0.16,account balance,Negative,Launch
WhatsApp,2025-08-12,e820a175-a51e-492a-a735-48fdeb85a10b,Social happy never explain able nor though friend live myself us accept increase bank.,-0.68,loan approval,Negative,Post-Launch
WhatsApp,2025-08-10,205dc4ac-124b-4b9c-a127-52102b5db28b,Sure enter nothing why build explain wear inside down bring style final whether.,-0.6,interest rates,Negative,Post-Launch
WhatsApp,2025-07-17,8a9a888a-737a-42e7-a892-2bd6fda29a59,Difficult water away site kind whom drive participant else.,-0.9,loan approval,Negative,Pre-Launch
WhatsApp,2025-07-19,e0607e99-e23d-45cf-8a6b-7dc7a4a5b5a5,Response physical particularly note agency five.,-0.26,payment issues,Negative,Pre-Launch
Instagram,2025-07-31,1873796b-32d0-4744-802d-84b73a3acbab,Dream local tax pull left machine.,-0.75,customer service,Negative,Pre-Launch
WhatsApp,2025-07-17,8903ed0e-5d84-4f8e-bb28-db5ca95f85bf,Nice budget blood attack nice team situation degree late under mention.,-0.83,application status,Negative,Pre-Launch
Facebook,2025-07-23,d8f20a85-92e9-43de-aafa-7348ff4d6342,Bad wrong onto technology almost attack according bring management news forward if.,-0.68,account balance,Negative,Pre-Launch
Facebook,2025-08-12,0db0707d-c53e-495f-ad6a-e0179f582db0,Hot drop always task trial hair system statement community model go.,-0.1,customer service,Negative,Post-Launch
WhatsApp,2025-07-29,8815ca9d-7e28-4b89-bb31-673cf0e67400,Operation himself think simply ever scientist material my.,-0.82,interest rates,Negative,Pre-Launch
WhatsApp,2025-07-16,bd0a870e-d77f-4aa8-9560-d357788a3933,Book life southern heavy me very growth add thing seem ok key film.,-0.17,customer service,Negative,Pre-Launch
Facebook,2025-07-20,7cb8f554-77a6-493d-989a-b2fc92d87bd5,Million window third such color wait wind cell this center now test.,-0.21,account balance,Negative,Pre-Launch
Website,2025-07-15,0fce4b9c-7e29-4a47-8a76-67bb1fb0775b,Group successful professor easy food explain site process professor too center save.,-0.25,interest rates,Negative,Pre-Launch
Facebook,2025-07-29,f8f1ad9e-dad5-4b79-b15f-caf2ac7302bd,Them car get gun official account reflect light story.,-0.23,account balance,Negative,Pre-Launch
Instagram,2025-08-07,53bb477e-4408-47d1-a3aa-a97f3406ed76,Moment read after side stay special car bank view evening popular issue at.,-0.84,interest rates,Negative,Post-Launch
WhatsApp,2025-07-18,2d0e4b54-bb76-4781-a860-61a2fabd769d,Rise system school much value stage across watch increase spend stand traditional.,-0.55,account balance,Negative,Pre-Launch
Website,2025-08-11,07cc0872-ef0f-404e-b7a6-a010feda2025,Light dream market network morning general hold.,-0.36,loan approval,Negative,Post-Launch
Facebook,2025-07-29,5c154389-a6eb-473b-89a3-67a04951a8e3,Own begin head research treat majority.,-0.8,interest rates,Negative,Pre-Launch
WhatsApp,2025-08-09,1bf3bf77-6833-498c-8235-6435792335de,Simple audience resource assume upon remember main.,-0.33,customer service,Negative,Post-Launch
Facebook,2025-08-03,fb659872-5d6f-4434-a7f6-f71b622518e5,As exactly light blue girl charge.,-0.71,application status,Negative,Post-Launch
WhatsApp,2025-07-28,c01a5bba-e4c0-4f09-91eb-2a20dad10464,But amount sit arm heart west ability politics military trial high any also.,-0.92,application status,Negative,Pre-Launch
Website,2025-08-01,013b896a-01a2-4bfb-b46f-8de675d74af7,Moment section their knowledge institution seven start beyond impact partner debate.,-0.96,interest rates,Negative,Launch
Website,2025-07-19,50deb260-13bb-4c55-8610-ca569953ebd1,Experience administration long across still theory ten morning let from tonight.,-0.57,loan approval,Negative,Pre-Launch
Instagram,2025-07-18,8f5213d6-14ac-4def-8591-be2d500c9cf8,Head trial share tree sign house positive his fact however dinner vote form.,-0.7,account balance,Negative,Pre-Launch
Facebook,2025-08-10,10b449ff-0727-474d-9cef-a1a3d99dbb85,Popular specific personal religious art shoulder quality result allow conference speech dog.,-0.15,account balance,Negative,Post-Launch
WhatsApp,2025-08-01,8587de6e-6e76-47d7-8087-618a53fd4e4f,Food power information good others minute next kind.,-0.52,account balance,Negative,Launch
Instagram,2025-08-11,780fe0c9-ffb4-48e9-af1c-08e43d83134b,Four car effort too single grow pattern.,-0.76,interest rates,Negative,Post-Launch
Website,2025-07-30,4b1231ff-c23b-434f-9d40-ba16249dbc50,Method hard arrive serve food even lay audience well indicate add many.,-0.52,account balance,Negative,Pre-Launch
Website,2025-08-11,66201ee8-5f3d-42b9-a6d8-f695d41bdb28,Well success most himself poor amount push state instead such name treatment.,-0.87,customer service,Negative,Post-Launch
WhatsApp,2025-07-24,e4deb413-fc33-475d-8f16-c85943338dcc,Might lawyer action learn here section factor start whether capital end player plant.,-0.42,interest rates,Negative,Pre-Launch
Instagram,2025-07-27,7c24bab9-3368-4df1-8ff0-156c1bb75aaf,Onto health realize interest themselves pass.,-0.29,account balance,Negative,Pre-Launch
Instagram,2025-07-27,dee428a0-828b-412a-a5cc-23baf57b76bf,Guy street admit word democratic parent through tough hope join no.,-0.63,interest rates,Negative,Pre-Launch
Facebook,2025-07-28,336a6cbf-7164-491e-b4d3-6f3fae1ce3f4,Mention approach hospital administration movie us admit us how against training report might.,-0.28,application status,Negative,Pre-Launch
Website,2025-07-28,ddfcf25a-a4de-40a4-910f-e4e1dd83c626,Opportunity until tree particularly large card card newspaper produce per carry show both.,-0.96,account balance,Negative,Pre-Launch
Instagram,2025-07-20,6a2ec9b9-b941-4783-93d7-3cebfa9544ba,Current teacher cut charge your across pass policy physical up think.,-0.91,account balance,Negative,Pre-Launch
Website,2025-08-07,b1995fda-0e8d-4a7c-9005-d51736ca089b,Again beat game whom position customer someone her.,-0.23,interest rates,Negative,Post-Launch
Website,2025-07-27,db773eba-54b6-44b1-a051-e802d13edc30,However kid discuss market believe scene go benefit affect number read response term.,-0.25,loan approval,Negative,Pre-Launch
Instagram,2025-08-03,21d17ac0-1a65-4f96-89ec-6afc28a49966,Rest cost activity east consumer edge either article water somebody least.,-0.29,customer service,Negative,Post-Launch
Instagram,2025-08-05,e0570805-ede0-4898-80df-314d1846814b,Character mention camera raise someone say know former beautiful.,-0.86,payment issues,Negative,Post-Launch
Facebook,2025-07-21,2dde76ff-b566-43a8-ac88-4c88528e45a7,With lay southern much member identify.,-0.52,payment issues,Negative,Pre-Launch
Website,2025-07-23,cde94b57-853b-4ba0-ae41-8fe743eb011b,Debate know it score election provide worry little future involve present.,-0.79,application status,Negative,Pre-Launch
Website,2025-08-08,93aa020b-d493-45cd-94f5-d0118dda06cf,Hand material office least finally five newspaper detail kind maintain agree not seem.,-0.73,application status,Negative,Post-Launch
Facebook,2025-08-13,75c109ec-54c9-4d44-afc9-e4ba9c3e0309,Brother level specific ever character investment space activity science old over.,-0.3,account balance,Negative,Post-Launch
Instagram,2025-07-28,3b456796-49f7-4fb4-bb0c-fab13b486659,Pm course miss develop better step agency girl get smile with role song training.,-0.32,application status,Negative,Pre-Launch
Website,2025-07-30,866d3b23-73a1-461f-9b6d-e2bbd5a20ebf,Turn land while risk through down Republican top notice image.,-0.64,account balance,Negative,Pre-Launch
Website,2025-07-15,4e3ed019-9d80-4632-9c30-188d3ec77453,Response fire out wide spend notice federal task man window.,-0.73,application status,Negative,Pre-Launch
Website,2025-08-11,55fea105-9cf4-4c9f-81e4-3fa462e598d6,Player recently fill hundred memory check focus send four rock let.,-0.93,application status,Negative,Post-Launch
Website,2025-07-29,0813b361-2bdd-49ee-9322-1efe4093ae17,Realize own leader peace art serious believe economic approach wife include.,-0.6,interest rates,Negative,Pre-Launch
WhatsApp,2025-07-23,67d671a1-28c3-40e3-9b6f-2439580c4e96,Whole authority glass expect system control finish voice mouth civil.,-0.37,application status,Negative,Pre-Launch
Website,2025-07-21,2d33b746-5d9f-4a42-bbc4-21917c17cd7b,Woman reason wall reflect safe magazine focus member finally team three.,-0.38,customer service,Negative,Pre-Launch
Instagram,2025-08-10,24034010-4075-478e-8060-8c03cf404eb5,Run sort leg goal letter mission into involve church each term.,-0.2,application status,Negative,Post-Launch
Facebook,2025-07-17,fb17d1a7-9fca-4f61-b6a5-b67a37ef3343,Ago image notice dream together information step responsibility end message wonder.,-0.93,loan approval,Negative,Pre-Launch
Instagram,2025-08-11,0106837b-4141-4557-9ddd-3c0fe38aad0e,Tonight if candidate issue energy of strong something some.,-0.43,payment issues,Negative,Post-Launch
WhatsApp,2025-07-28,ef4c54c1-0c9f-4827-83b7-54ed765b01ce,Rather center not education indeed forward remain place knowledge me you military meet.,-0.9,payment issues,Negative,Pre-Launch
Facebook,2025-07-16,55e9f3d4-5a8b-436d-88c4-bb7118507907,Music foreign relationship view human allow number feeling season somebody water.,-0.45,payment issues,Negative,Pre-Launch
Instagram,2025-07-15,b3088380-b777-4e54-8283-d4abf217aa2b,Brother even school myself in into color green happen loss prevent region seven natural.,-0.13,application status,Negative,Pre-Launch
Instagram,2025-07-18,3b05be3b-904b-4e11-bf3c-521b07f4d3c9,Four doctor reason chair prove much sense lose last spring race source.,-0.2,account balance,Negative,Pre-Launch
Website,2025-07-31,1eb90c69-d105-4de6-9ba1-51678cc64665,Image style heavy particularly of test.,-0.12,payment issues,Negative,Pre-Launch
Instagram,2025-08-05,c46c7444-3c1d-46a4-8ae7-e271fd0158d3,Table early spend music future memory.,-0.32,interest rates,Negative,Post-Launch
Facebook,2025-07-23,bdddd778-d4cf-48f1-85c5-638406d704b3,Issue style kind smile police wonder movie property rule free here rock.,-0.63,application status,Negative,Pre-Launch
Website,2025-07-22,13c4178a-b845-42ce-b076-2818de19ead2,Lawyer they myself number especially likely century small hit system money factor.,-0.27,payment issues,Negative,Pre-Launch
Website,2025-07-27,f851f46b-cd77-44e1-b814-242ff2415c49,Activity her fine ready happen arm ok term beat law front design.,-0.47,loan approval,Negative,Pre-Launch
Website,2025-08-12,cb74b59f-9118-487c-a9e1-df719250ab84,Fire pick firm rule their just manage radio bed task parent.,-0.83,loan approval,Negative,Post-Launch
Facebook,2025-07-28,ccb35303-4d25-48bd-8009-5ce15f0ce3af,Look half anyone why stand good watch option pull loss.,-0.15,customer service,Negative,Pre-Launch
Instagram,2025-07-15,e9e6edda-fbf6-4673-abca-7a70b1185374,Continue about meet leave young it policy.,-0.14,application status,Negative,Pre-Launch
Website,2025-07-30,b1571337-afa3-49a6-a0da-2a7057962f99,Head lawyer admit issue class either last discuss.,-0.64,interest rates,Negative,Pre-Launch
Facebook,2025-07-21,97ecb3fa-e49b-41a0-a93e-bbd30e23be0f,Me be word page appear happen worry include cell.,-0.41,customer service,Negative,Pre-Launch
Website,2025-07-20,cd052f47-169a-4234-8f54-6b850d1a8fa0,Last throughout compare along trip standard free star other cultural thus where treatment.,-0.79,application status,Negative,Pre-Launch
Website,2025-08-10,1bbfb524-2fbb-45d1-b9c7-01e202f2c430,Market floor phone or statement involve to mother suffer sometimes.,-0.34,payment issues,Negative,Post-Launch
Facebook,2025-08-04,26b2738d-b516-4cb5-8424-cf25c194f038,Interview think recognize office trade down building level fall board.,-0.41,loan approval,Negative,Post-Launch
WhatsApp,2025-07-23,8368d950-23b9-40cf-baaf-52e1b8f05b82,Provide term she chance future government moment although several.,-0.11,payment issues,Negative,Pre-Launch
Website,2025-07-16,43cf27c3-ea7a-4e22-b2ab-e1ade8f15e27,Religious line fight shake rock ball see collection fill short hair beat art.,-0.67,application status,Negative,Pre-Launch
Website,2025-08-04,4efc7ae6-0bc0-4317-8864-fd3a45660f28,Exist special benefit health movie Mrs of eye world certain.,-0.11,application status,Negative,Post-Launch
Instagram,2025-07-17,b86601b0-ae36-48d5-a426-60b9512cebf1,Whom everyone consumer lose national plant must edge.,-0.11,account balance,Negative,Pre-Launch
Website,2025-07-30,f2dc02d9-902e-4348-b5dc-9380dafe46a4,Too agency several allow customer understand if least.,-0.13,loan approval,Negative,Pre-Launch
Website,2025-07-19,62a3fab2-9359-4604-9dd4-f1c605075a76,Heart western agent human strategy involve many real language bank forget.,-0.89,customer service,Negative,Pre-Launch
Website,2025-08-11,0af378f3-1c87-4b8f-b0dd-960932356ce2,Fly wall concern product investment summer event before.,-0.19,application status,Negative,Post-Launch
Instagram,2025-07-23,98463fb3-c9ca-41dc-940c-900b7f0c484c,Somebody sure technology nice watch level person often common worry her.,-0.68,payment issues,Negative,Pre-Launch
Facebook,2025-08-05,8b0aa36f-ac49-484f-8fa0-b3cff011a77d,Argue executive before candidate tell happy class maybe red.,-0.94,application status,Negative,Post-Launch
Facebook,2025-08-01,f0e40bc9-c03c-45db-b0da-66742c015603,Much relationship next number writer same question financial list majority artist threat.,-0.12,account balance,Negative,Launch
Website,2025-07-17,54072e2a-87bc-44c0-bd21-042a5ea8ce84,Despite south offer clear total low training interest leader.,-0.75,interest rates,Negative,Pre-Launch
Instagram,2025-08-09,ca92e4c5-9fd4-4e69-ab3f-16b42166708d,Finally region could similar usually remain which behind authority.,-0.53,account balance,Negative,Post-Launch
Instagram,2025-08-13,5e8d8618-633a-4aac-b77a-e732fe40aaa3,Value or finish soldier within prepare share process.,-0.28,application status,Negative,Post-Launch
WhatsApp,2025-08-09,d135ec85-2ff7-4e28-bcf8-e3eef0e17b60,Coach without media three personal investment news manage wait process.,-0.94,application status,Negative,Post-Launch
Website,2025-07-22,7c790056-e695-4559-b02e-3a84166f5198,Certainly art international worry line sit seek name.,-0.69,payment issues,Negative,Pre-Launch
WhatsApp,2025-07-22,f36e446f-ad51-4d1a-b8d2-14b4f99b59b7,Model consider by least process establish science.,-0.1,customer service,Negative,Pre-Launch
Instagram,2025-08-04,72a6cd57-6f9f-41ac-8e5f-d0caca3a0902,Best situation meet individual nothing reason major effect agree plant industry.,-0.26,interest rates,Negative,Post-Launch
Website,2025-07-23,8068164c-a580-404b-b861-dd62eb809e94,Occur actually network manager herself nearly opportunity result.,-0.11,loan approval,Negative,Pre-Launch
WhatsApp,2025-07-20,a0df9101-0c70-4b51-bc41-51998676a4a1,Who administration defense mother audience send mention run economy could.,-0.85,account balance,Negative,Pre-Launch
WhatsApp,2025-08-03,7505f534-01b2-4487-8a3f-ac8f328bda95,Cut real upon sell goal home few race she another.,-0.72,loan approval,Negative,Post-Launch
Website,2025-07-18,e578fb9d-8ca5-4d28-9187-60f2c65ddb1a,Less reveal doctor your shoulder response high movement general.,-0.27,interest rates,Negative,Pre-Launch
WhatsApp,2025-07-28,f16d7312-be25-47a9-8476-6eac8523575f,Goal economic recognize good half work building surface hospital forward risk.,-0.37,account balance,Negative,Pre-Launch
Website,2025-07-31,71c8c969-c005-4dba-86fb-29a84095e20f,Person page second voice mouth memory not everyone most.,-0.44,loan approval,Negative,Pre-Launch
Facebook,2025-07-30,fac7824b-8cb2-4cab-b307-097cfc3c29df,Hotel popular image technology phone color quality.,-0.95,application status,Negative,Pre-Launch
Website,2025-08-04,882029cf-532e-48e7-9568-5495097ce67f,Outside charge beat almost travel yourself.,-0.63,customer service,Negative,Post-Launch
WhatsApp,2025-08-05,27e69496-0170-402c-91d5-2e3105ab6c49,Voice fish alone piece program they arm thing.,-0.76,interest rates,Negative,Post-Launch
Facebook,2025-07-22,705f63c2-ddb8-4f2a-9076-2139d1c8fd83,Mention too rest early heavy senior method.,-0.57,payment issues,Negative,Pre-Launch
Facebook,2025-08-13,ea7d5641-d35c-42c4-b5e6-fbec1648efc0,Road born might enough whole film five difference thought easy environment forget.,-0.6,loan approval,Negative,Post-Launch
Instagram,2025-08-02,a4872bc3-3d55-47fb-a35d-f48a6159713f,Certain little itself true open event whose money issue political radio.,-0.73,account balance,Negative,Post-Launch
Instagram,2025-07-29,79a69cb5-143b-422f-87d2-50d4970bd154,Clearly good instead travel foreign management new quality turn remember visit detail.,-0.85,application status,Negative,Pre-Launch
Instagram,2025-08-13,f879d4f9-6d1d-46a5-b0e2-2b7812b2e810,Soldier prepare even finally not past.,-0.65,application status,Negative,Post-Launch
Instagram,2025-07-19,0afcd0a8-41d7-45e5-bd72-987de2daf809,Image follow late class everything myself red likely all either according center.,-0.42,interest rates,Negative,Pre-Launch
WhatsApp,2025-08-07,9e4fc002-68fb-4087-8d66-0bac3c49411f,Behind you tell partner hand network.,-0.4,application status,Negative,Post-Launch
Facebook,2025-07-19,91184fbb-087b-42de-9598-2f2df6e4db70,Produce city though prepare religious nothing speak word woman produce skin.,-0.68,loan approval,Negative,Pre-Launch
Website,2025-08-09,71617fd9-0b4e-4a56-a59a-f3f1d192abfa,Perhaps voice affect attack treat bank kid member hot long.,-0.65,application status,Negative,Post-Launch
Website,2025-08-07,21f259f4-2192-4324-83be-f71e1577e794,Usually form red rule reality drug building worker type.,-0.28,customer service,Negative,Post-Launch
Instagram,2025-07-18,b29ed9ca-f015-440e-949e-cefdee56eddb,One forward watch daughter firm section.,-0.55,payment issues,Negative,Pre-Launch
Facebook,2025-07-18,c1511939-054f-4dea-94f8-b5933547ecd3,Available fish everyone prepare action store real challenge too.,-0.53,customer service,Negative,Pre-Launch
Facebook,2025-07-19,b2a00915-b97b-443c-83e4-5900e691d977,Charge road about center drop film their save writer politics region whatever.,-0.28,payment issues,Negative,Pre-Launch
WhatsApp,2025-07-22,debc1f80-a5da-497b-a3e3-2976e5c6db78,Live friend rule great age research interest matter.,-0.74,account balance,Negative,Pre-Launch
WhatsApp,2025-07-23,a3cb3e44-25e4-4820-9ef3-557782a1f024,Team house actually behavior cut somebody next small strong performance.,-0.87,customer service,Negative,Pre-Launch
Facebook,2025-07-28,67504cca-54b3-4332-a98e-a3e0a6c36f60,Unit dog national prevent performance should.,-0.2,customer service,Negative,Pre-Launch
Facebook,2025-07-25,c8452e80-174e-43ff-8592-6c59f00b2f44,Congress foot whatever truth tough attorney suffer candidate character during art former such.,-0.18,account balance,Negative,Pre-Launch
Website,2025-07-31,2582be88-17f9-42a4-8848-afafb2fcc8a1,Which lose she inside design book scientist sing soldier politics yard.,-0.18,account balance,Negative,Pre-Launch
Website,2025-08-09,b63eba12-caff-419a-87bd-e7f499162b8d,International wind condition practice language specific data population local billion best stay practice.,-0.75,application status,Negative,Post-Launch
Instagram,2025-07-31,6c8f42e7-9a13-4a96-867e-1f5553badc8b,Congress court role system often off community condition.,-0.37,payment issues,Negative,Pre-Launch
Website,2025-07-28,def6707d-2493-41f7-a9e2-36de43a5deb7,Not impact choice future spend opportunity hand serious yeah amount ability instead next.,-0.85,customer service,Negative,Pre-Launch
Website,2025-08-09,5eb40e2b-7c4c-44a2-896e-1f39a026d55f,Guy sister onto approach better site nice candidate room wish.,-0.74,account balance,Negative,Post-Launch
Instagram,2025-07-19,2c59ebba-87f7-41e8-abaf-9ece62b054fb,Leave task meet choose spring thus sister success.,-0.74,customer service,Negative,Pre-Launch
Website,2025-08-08,917c0080-dfb2-4076-9739-9098c8095cc3,Girl within child they reflect cut office newspaper expect arm wall compare beautiful.,-0.39,loan approval,Negative,Post-Launch
Website,2025-07-27,d7ff9159-be9a-4429-9d6e-e7110efb3319,Above do dream drive network glass yourself event shake.,-0.68,payment issues,Negative,Pre-Launch
Facebook,2025-07-24,70f654a9-663e-4740-bf34-eb140f4d5e7d,Three against their talk head leave toward.,-0.55,interest rates,Negative,Pre-Launch
Instagram,2025-08-03,3ad4e746-3467-4a64-8843-3600f23e82cb,Citizen animal low camera eye prove what show child detail next.,-0.43,account balance,Negative,Post-Launch
Website,2025-08-11,c16c5732-78bb-44c0-b789-b549b5274222,Need produce charge actually by offer particular.,-0.84,loan approval,Negative,Post-Launch
Instagram,2025-08-03,10e23a50-210c-4994-90dc-f1e18a367b12,Yeah dream local choose make record argue simple cell activity attack customer.,-0.61,interest rates,Negative,Post-Launch
WhatsApp,2025-08-09,5d75df33-c90a-4ec5-950f-94708af335af,Prepare tough win technology note term Democrat up decide do mother.,-0.45,account balance,Negative,Post-Launch
WhatsApp,2025-07-24,9e407005-04da-4f53-acc2-929c4a79131d,Hour street challenge much own capital west usually.,-0.81,interest rates,Negative,Pre-Launch
Instagram,2025-08-08,b86fc317-76b9-4ebb-b16b-bde37edf025f,Newspaper not recent effect evening purpose sell music.,-0.66,account balance,Negative,Post-Launch
Instagram,2025-07-15,33e586f0-20e6-41de-9020-65734864c50c,Question address federal write leg argue on pressure what could.,-0.32,interest rates,Negative,Pre-Launch
Website,2025-07-19,809ca791-3e40-40d8-b1dc-1a2fe5b3bd9a,Remember heart car cup election catch eye attack.,-0.92,account balance,Negative,Pre-Launch
Facebook,2025-08-10,611461ce-43ea-44bd-a3b2-814e18d9641d,Lose million speech find air develop week large meet star improve.,-0.84,customer service,Negative,Post-Launch
Instagram,2025-07-15,08aaff04-ef53-4171-bcfe-f9c5b83c6592,Imagine environment weight her late through building.,-0.47,interest rates,Negative,Pre-Launch
Website,2025-08-09,ce4fb555-7ced-46fd-8d86-d7587408d1a3,Water usually race city baby voice.,-0.58,payment issues,Negative,Post-Launch
WhatsApp,2025-08-06,7afa8c76-c0b8-42d5-bf3f-23873c755cc2,Expert social here color mother factor second firm close here hospital type exactly.,-0.94,application status,Negative,Post-Launch
WhatsApp,2025-07-27,06f948aa-907e-487e-bb68-3ca4e0b35647,Along church amount chair job open career white him detail building Congress low.,-0.4,customer service,Negative,Pre-Launch
WhatsApp,2025-07-27,1d90f304-fbe2-4cac-8ee5-2d905ebb2c52,Tonight offer reason billion or morning similar condition page TV nearly fight hot.,-0.51,interest rates,Negative,Pre-Launch
WhatsApp,2025-07-16,af6a8a7f-0194-48cd-843d-316da84c344f,Crime difference sea church both measure reach perform cause add born war.,-0.19,customer service,Negative,Pre-Launch
Instagram,2025-07-31,11231fca-de7e-4cc9-a34a-159ed2a27120,Quality fall radio must go world beyond few.,-0.68,customer service,Negative,Pre-Launch
Facebook,2025-07-17,cadbc00d-db24-49da-bcf5-af3044fd9657,Once window so throw young two.,-0.17,payment issues,Negative,Pre-Launch
WhatsApp,2025-07-24,a08dbee6-2d48-49ef-b7de-068bac4834f6,Throw than gas task land single.,-0.32,account balance,Negative,Pre-Launch
Facebook,2025-07-21,d812c808-7e96-41ef-900e-f55dbd54e9a8,Best walk fear discussion leave include laugh road.,-0.71,payment issues,Negative,Pre-Launch
Instagram,2025-08-11,9641792c-b8f1-41d2-8c31-57691cbea889,Draw race people law until thousand red available ready blue.,-0.36,payment issues,Negative,Post-Launch
Website,2025-08-10,bf34605a-5733-473a-990c-b4fdda15b467,Cold medical customer short many along figure serve.,-0.31,account balance,Negative,Post-Launch
WhatsApp,2025-07-18,3306ef83-1c75-4ff4-a4c3-936aca9a7614,Probably wear rule need rise suffer ten.,-0.2,customer service,Negative,Pre-Launch
Instagram,2025-07-20,f02a80ec-d94c-4b21-9511-eec03acce1f3,Structure analysis move market focus poor field arrive money defense.,-0.79,payment issues,Negative,Pre-Launch
WhatsApp,2025-07-19,8eda3cde-9649-4b40-89bb-50a17a5e9e3c,Itself probably at grow in southern fund economic you camera notice window.,-0.52,application status,Negative,Pre-Launch
Instagram,2025-07-22,389cbf44-3a6a-4e31-b310-718d0850e55d,Authority able set ten water you man must.,-0.75,application status,Negative,Pre-Launch
WhatsApp,2025-07-28,da4474eb-3505-41fc-acd9-c6a3bae230a3,Beautiful recent seat task win least read.,-0.1,customer service,Negative,Pre-Launch
Instagram,2025-07-19,f1cf9a19-d6ad-42e9-b560-6a172cae4be2,Radio red become north often benefit keep indicate.,-0.72,payment issues,Negative,Pre-Launch
WhatsApp,2025-08-08,9b1cb26f-b10b-4a35-8032-b4dd15d87a7f,Movement Mr store increase arm environmental according improve education table yourself night.,-0.9,customer service,Negative,Post-Launch
WhatsApp,2025-07-17,5914aaf5-f471-4440-98e2-40ae87096a1b,May ten suffer claim person ever.,-0.16,customer service,Negative,Pre-Launch
Facebook,2025-07-21,c7e1e357-33d0-4117-92ea-a5d41c263cea,Order important structure choose maybe only contain common talk.,-0.62,interest rates,Negative,Pre-Launch
Facebook,2025-08-02,32f2ed3f-3948-466d-9c58-060154b928d6,Avoid lay from current who game significant out.,-0.68,loan approval,Negative,Post-Launch
WhatsApp,2025-08-04,352cbdcb-87c0-48e1-87d3-3bcd65b0ad1b,Dream better hear cost your low around while popular factor keep key design.,-0.82,payment issues,Negative,Post-Launch
Instagram,2025-07-20,5b202bc9-f721-44b3-b5da-f17fbf98fb0e,Glass year or respond hold choose bar show.,-0.21,payment issues,Negative,Pre-Launch
WhatsApp,2025-08-01,abdc0dbc-d2c1-4982-91fb-f01b13f33ecc,Article amount Mr about effort deal high mission.,-0.52,account balance,Negative,Launch
Facebook,2025-08-02,72005f50-5a80-48ef-a3a1-0f4d204dcd32,Add push opportunity me mission such establish military field benefit some forget.,-0.9,application status,Negative,Post-Launch
Facebook,2025-07-17,f9778be0-c991-421e-ab9a-7cc08a36c6ce,Main like both himself fall discuss couple education million now herself fund.,-0.44,account balance,Negative,Pre-Launch
Facebook,2025-07-20,e0459424-faa0-4ea2-98ca-54c1f2875dea,West hundred south drug kid traditional.,-0.43,account balance,Negative,Pre-Launch
Instagram,2025-08-13,e9ae8a0c-172d-4cf6-9e0d-4ac877ba1b1d,Four oil nation stock item right number message to save another report score.,-0.98,customer service,Negative,Post-Launch
Instagram,2025-07-30,238a6241-a74e-4f23-84f8-1d1d8e0c6354,Ever add remain property dog require.,-0.79,loan approval,Negative,Pre-Launch
WhatsApp,2025-07-22,0afc2842-8365-44aa-b1d4-07e5788b8cbd,Together bank college among she common blood support ok we will entire.,-0.73,payment issues,Negative,Pre-Launch
Facebook,2025-08-08,8f42639d-95ca-4b5e-a802-d8a8bc9b89ef,Evidence appear hear agree describe civil day wide win hundred take pass.,-0.47,loan approval,Negative,Post-Launch
Instagram,2025-07-29,4b12a318-905f-4fa5-8391-98aaca152c84,Mission field artist above artist these.,-0.27,customer service,Negative,Pre-Launch
Facebook,2025-08-01,d563e554-d61e-494a-bdcd-1cab0fb22eca,Scene quality human fear difficult understand prepare.,-0.19,interest rates,Negative,Launch
Website,2025-07-27,7441cbb6-6650-43d1-bcdb-1549c125ab15,Open test because but day toward room computer very.,-0.91,loan approval,Negative,Pre-Launch
Instagram,2025-07-31,d29980f4-06d8-4177-be50-2bdd6cba2bca,Campaign watch movie with laugh democratic possible surface nor benefit against.,-0.9,interest rates,Negative,Pre-Launch
Website,2025-07-24,ff08484c-1db2-44b8-a6f7-a8a3cdc3eac7,Share rock much share end former.,-0.27,payment issues,Negative,Pre-Launch
Website,2025-07-31,823ed4df-9462-4644-9c48-28e378378180,Difference open including share appear focus civil pay health health point per region finish.,-0.42,interest rates,Negative,Pre-Launch
WhatsApp,2025-07-28,70470950-4e8a-4e67-8737-4dbc2dbe50fa,Two east time piece sport way believe minute candidate join put draw side.,-0.23,customer service,Negative,Pre-Launch
Website,2025-07-25,87b8f113-acc9-4b8f-b1fe-49c8d927dba1,Thank bank number glass series miss behavior class age ago.,-0.1,account balance,Negative,Pre-Launch
Instagram,2025-07-25,af4b1b31-fd5b-473f-9e4c-64edfbae4d21,Weight easy save laugh gas full stuff.,-0.74,payment issues,Negative,Pre-Launch
WhatsApp,2025-07-21,297e4041-1423-446c-8312-253e682c2f45,Old capital notice certainly firm pull subject everybody age.,-0.81,loan approval,Negative,Pre-Launch
Facebook,2025-07-29,92eceab4-b961-4946-b1af-77c022820820,Catch head travel quite find discussion them western wife expect center there option.,-0.25,payment issues,Negative,Pre-Launch
Instagram,2025-08-09,cf4c2c3f-23ed-464b-8321-3ca7e6ea26dd,Moment safe appear our position develop worry once sister medical check.,-0.27,payment issues,Negative,Post-Launch
Facebook,2025-08-13,9fee6aa6-da61-4969-9689-933a10ad3098,Site safe brother health gun simply low food.,-0.71,interest rates,Negative,Post-Launch
Facebook,2025-08-01,b9a739cb-2159-4212-9d47-d6b6a21f2104,Cut guy tree hospital husband seat as.,-0.2,loan approval,Negative,Launch
Website,2025-07-19,1ec32406-e62f-4279-9738-dd3499907de4,Bill suddenly series small other law within adult.,-0.92,application status,Negative,Pre-Launch
Website,2025-07-20,f476f99d-0b26-4332-ba4c-6e434553dcbf,When degree do best bad mouth hope many character ask machine though relate.,-0.92,account balance,Negative,Pre-Launch
Instagram,2025-08-09,d365d4f3-5376-4994-8d02-0f31042d8878,Natural along city professor effect source wind member forget cut writer not moment.,-0.7,loan approval,Negative,Post-Launch
WhatsApp,2025-07-21,52f4e909-2960-450e-b1b4-b2712f85e1b8,Necessary past term vote reach couple.,-0.72,application status,Negative,Pre-Launch
Facebook,2025-08-13,510a91a9-2d19-40e2-a4d2-2eb8a05f6864,Reduce yeah shoulder deep hundred claim rather.,-0.36,interest rates,Negative,Post-Launch
Instagram,2025-07-26,393eee10-0bf9-4b9d-a3e5-9ceec8938f79,Citizen hit relationship record conference rock service walk certain somebody despite.,-0.21,loan approval,Negative,Pre-Launch
Facebook,2025-07-17,1b4e4660-4c84-4d89-a994-01eb6fadf886,Your resource husband space under along street leg tonight.,-0.97,application status,Negative,Pre-Launch
Facebook,2025-07-15,1754dfc7-3707-4e7b-adc3-c92457f2137d,Drop focus heart debate affect I reveal include.,-0.34,payment issues,Negative,Pre-Launch
Instagram,2025-08-02,4a9541e1-48b1-4b6b-9d87-dd3d9ae68e3f,Suddenly Mr whom at detail blood long pull smile suddenly attack test our.,-0.78,application status,Negative,Post-Launch
WhatsApp,2025-07-18,21fc240f-18a4-4636-88d0-ec37d5da191f,Discover avoid which safe more political peace five.,-0.17,interest rates,Negative,Pre-Launch
WhatsApp,2025-07-21,e7ab6ce6-3cea-4463-bf1e-0a5ce68ad994,Social bit wish knowledge everyone organization century project likely recent network.,-0.38,application status,Negative,Pre-Launch
Website,2025-07-28,f2e38cfc-8194-46fd-a144-12e27b7fd062,Property avoid others best discussion present real affect discover ask.,-0.47,payment issues,Negative,Pre-Launch
Facebook,2025-08-09,38b1bb55-3d6e-481a-8526-48795aaae825,Carry city parent story here store politics spend music affect share.,-0.54,loan approval,Negative,Post-Launch
Facebook,2025-08-05,5390b09e-982f-4f16-b075-3d8eb041fd1a,Goal woman adult worker yes later other shake drug quickly heavy.,-0.9,payment issues,Negative,Post-Launch
Facebook,2025-08-04,8a765d0a-fe8c-456f-9d89-fabb5c3fb7de,Agreement standard because number call present.,-0.24,payment issues,Negative,Post-Launch
Facebook,2025-07-23,9228a8ec-eb7f-4e59-a6e3-533d4c4cd328,You physical recently her most yeah sort name government identify difficult blood central natural.,-0.52,interest rates,Negative,Pre-Launch
Instagram,2025-07-18,cd2c6585-0361-4b57-a9ad-16de6da66ec6,Seek eight middle contain officer full item wall partner.,-0.62,interest rates,Negative,Pre-Launch
Website,2025-08-06,db4eda37-9561-49ef-8621-67bef61ab135,Less market must let daughter teacher keep partner likely set professional.,-0.12,payment issues,Negative,Post-Launch
Website,2025-07-26,326cf7f9-6d4e-458b-b6a1-4bbe1b9c517b,Find call each both eight wide back business hope marriage see skin.,-0.16,interest rates,Negative,Pre-Launch
WhatsApp,2025-07-23,8273a1c9-394e-4da3-89cf-9dc3b840582f,Think doctor spring fear TV skin economic just drive hand society early.,-0.17,payment issues,Negative,Pre-Launch
Instagram,2025-07-15,1dc149b6-fcce-4dac-ac90-907d8dd56f92,Wife guy face Republican which win although science make against.,-0.59,application status,Negative,Pre-Launch
WhatsApp,2025-07-25,fb7f0488-4fa0-435f-9189-605b46caa0eb,Eight activity company put trip so I time.,-0.25,customer service,Negative,Pre-Launch
WhatsApp,2025-07-20,16dd9e01-4b06-4325-b773-d8e78bc8e40b,Soldier pay assume deal wear fact wrong pick term.,-0.47,application status,Negative,Pre-Launch
Website,2025-08-05,a03ac6b8-6e17-42b0-82da-5aa222102e32,Act lay by wall bar result type certain memory million foot learn smile.,-0.44,account balance,Negative,Post-Launch
Facebook,2025-08-12,ceb87932-1ee3-4fdd-853b-724ec827f9ca,Attention five live Democrat person cost power cause information.,-0.4,account balance,Negative,Post-Launch
Instagram,2025-07-22,6e36236d-09ed-4877-9f91-0f1111eb76a7,Son into exactly girl prevent behavior over agree arrive ready subject authority.,-0.42,account balance,Negative,Pre-Launch
Facebook,2025-08-07,ee849460-34d9-47b9-8fc4-9c3ee67d02dd,Reality indicate son central oil make citizen onto product simple last record.,-0.21,loan approval,Negative,Post-Launch
Facebook,2025-07-22,dbe137ca-bde8-422c-acb1-456e1a532632,Appear candidate affect sure television degree far energy.,-0.31,application status,Negative,Pre-Launch
Instagram,2025-07-31,37c17f41-f730-45ab-a5d7-8bcd351b8cdc,Town kid shake page body box throw me likely foreign stock budget point.,-0.71,application status,Negative,Pre-Launch
WhatsApp,2025-07-27,b015db82-5edf-49ef-b939-860432155da8,Pay positive week face many purpose inside.,-0.92,account balance,Negative,Pre-Launch
Website,2025-08-11,5f344477-9a9a-4f0d-9196-0babae0afb96,Generation four fill brother employee former blue treat.,-0.84,application status,Negative,Post-Launch
Website,2025-08-11,0bbdd4cd-8e47-4d5d-9939-b5cb2bda9cd8,Factor word return American sea similar soldier explain increase cut personal.,-0.57,payment issues,Negative,Post-Launch
Instagram,2025-08-04,efe5579c-b4ef-4597-afc3-ba0099e88e4e,Indeed who late somebody now human beautiful treat interesting account quite.,-0.46,customer service,Negative,Post-Launch
WhatsApp,2025-08-04,131a8b91-34c3-4c4a-bf84-42ce2481ad32,Bring line test law address last produce radio especially lot which scientist great could.,-0.46,customer service,Negative,Post-Launch
WhatsApp,2025-07-23,6ca4b231-5ae7-4f65-bb0b-bfa9eda333ba,Myself seem top Mrs experience half doctor century to free while they threat.,-0.78,account balance,Negative,Pre-Launch
Website,2025-08-04,95ace301-50eb-4b93-b370-340db236c15a,Forward impact any foreign unit support Democrat part occur send.,-0.52,interest rates,Negative,Post-Launch
Website,2025-07-16,859da315-f8c8-47e9-9c21-be25f40dc872,Arm with behavior concern good how your do black common close everybody.,-0.9,interest rates,Negative,Pre-Launch
Website,2025-07-30,d1a4d8e1-4435-4a93-b395-bc3106da7e4d,Laugh dream outside treat local tax specific data our.,-0.55,payment issues,Negative,Pre-Launch
Instagram,2025-07-29,92bc2b4b-a2c8-44fb-8967-9fa4e9db61b0,Later us remain deal best fact think top put before real especially future.,-0.53,payment issues,Negative,Pre-Launch
Website,2025-07-22,129cfe5d-db0c-4e1b-9b28-e0c968a2bdec,Choice young event center thank hand reduce sit.,-0.8,customer service,Negative,Pre-Launch
Instagram,2025-07-18,0d05aab3-150f-404b-8dc1-b8664934e07e,Last just politics anything growth staff fear.,-0.34,payment issues,Negative,Pre-Launch
WhatsApp,2025-07-28,4cc523be-d655-48fb-8ea0-7ed0cf31884c,Pay simple occur another standard clear agent.,-0.73,application status,Negative,Pre-Launch
WhatsApp,2025-08-08,ec2a6652-f476-44b9-a98b-0bb5fa224811,Hundred state Mrs enjoy and guy.,-0.68,loan approval,Negative,Post-Launch
Website,2025-07-26,ae83b00c-fbe4-47a3-a3e9-09c8718fd915,Idea apply participant sing actually tell senior million throw.,-0.43,account balance,Negative,Pre-Launch
Website,2025-08-02,1e76982d-86f6-4c61-8ec3-982ba7aa793c,Affect its personal article compare ground program day term.,-0.43,account balance,Negative,Post-Launch
WhatsApp,2025-07-28,7ac65298-043c-4a83-b4c3-3731956d8139,Stuff either tell building wife quality respond western tree paper anything population.,-0.88,loan approval,Negative,Pre-Launch
Website,2025-07-31,f156ea2a-91d8-418c-9d4f-24cb12bafc24,Nothing detail later sense night language road here quickly.,-0.54,application status,Negative,Pre-Launch
Instagram,2025-07-25,5be44e61-5ef0-4d77-8694-8ea865545286,Front large enough school not under five cost at or.,-0.93,interest rates,Negative,Pre-Launch
Instagram,2025-08-08,49c100a5-7642-44b7-b274-8760ea793434,Assume together hair crime gun and she lay value wrong still good.,-0.16,interest rates,Negative,Post-Launch
WhatsApp,2025-07-17,a494387d-dd81-4465-a1e7-bf1ff323a221,Break finally modern set number stuff road it.,-0.93,interest rates,Negative,Pre-Launch
Website,2025-07-25,f9c1814d-d253-4edd-a674-6af7549c54d4,Section white lawyer speech agency reality station activity level under throughout.,-0.63,interest rates,Negative,Pre-Launch
Facebook,2025-07-25,a29d3330-c296-4ac6-bbde-bbe6a7eef383,Explain believe movie wear move behavior.,-0.42,customer service,Negative,Pre-Launch
Instagram,2025-07-21,5a988c5a-c4bd-426f-b5b8-30fc2abd2f61,Reveal society modern take size speak learn over Congress increase media sometimes from.,-0.93,loan approval,Negative,Pre-Launch
WhatsApp,2025-08-06,5119c659-c731-4945-8996-2e43d415abf2,Team parent design view far rise fact safe main face learn point.,-0.4,account balance,Negative,Post-Launch
Facebook,2025-07-29,c46d46cf-a17a-43c4-9bd3-dc5f86acd8c8,Market senior guess reflect long benefit official little room.,-0.33,application status,Negative,Pre-Launch
Instagram,2025-08-10,76ec29d3-5c1e-44b1-9d39-04cd290429e3,Important many to international sometimes concern security card.,-0.73,loan approval,Negative,Post-Launch
Website,2025-07-28,fae83e0d-dbe7-4ba1-b863-c8dc52bc7026,Any thought stock cultural important such response left.,-0.45,loan approval,Negative,Pre-Launch
WhatsApp,2025-07-27,4492a858-4457-464b-98d6-078091910cd0,White environmental else level cup deep guy game be team these friend identify.,-0.34,customer service,Negative,Pre-Launch
Website,2025-07-19,70d2cc45-9611-4798-b868-b6bbf0b08b04,Person strong risk yes quality how fund sell.,-0.97,payment issues,Negative,Pre-Launch
WhatsApp,2025-07-27,b30cde65-1a13-42c6-b37c-a94e9030bc4b,Debate shoulder throw I nature floor make.,-0.33,customer service,Negative,Pre-Launch
Website,2025-08-11,9c656a11-35fc-4061-ad82-c888f3826509,Force then significant notice candidate education maybe stuff her news sell itself democratic.,-0.41,payment issues,Negative,Post-Launch
Facebook,2025-07-21,82369e1a-8a16-4c5d-b112-48f85069b08b,Congress tough together catch work these prepare sense enough finish give factor there.,-0.61,account balance,Negative,Pre-Launch
Instagram,2025-07-24,8dc27aad-07d9-4139-b0bb-6824ecf8bffb,Scene hundred cost tax simply strong nature.,-0.19,application status,Negative,Pre-Launch
Facebook,2025-07-26,7ae7929f-fbe8-47ae-971e-29f7eb4e660e,Vote wear see media both card total up learn sometimes particularly.,-0.14,interest rates,Negative,Pre-Launch
Website,2025-08-11,3ebe0be0-0b7a-4512-a379-320f57a1c2b8,Inside be should right increase scene also north fish.,-0.34,loan approval,Negative,Post-Launch
Facebook,2025-07-21,a8328e89-618f-4c3b-b48c-dd17e260c78c,Culture just maybe apply popular name with always.,-0.2,account balance,Negative,Pre-Launch
Facebook,2025-07-17,b2b979dc-ba69-4a69-96cc-f0af6fd91f74,Hit by training evening them seven voice in.,-0.81,application status,Negative,Pre-Launch
Facebook,2025-07-28,563aa995-bdd0-4a20-884e-eeed101371f3,Itself sing write you whom view before lawyer finally.,-0.99,customer service,Negative,Pre-Launch
Facebook,2025-07-18,2e3c054a-e6ca-4b15-b425-874341532f67,Check near woman century media own attention write whatever within whether quality.,-0.23,account balance,Negative,Pre-Launch
WhatsApp,2025-08-13,306f68ec-bb83-498c-9a6c-380b94c36dc8,Method line if mission cultural do south to trade Mrs none often near.,-0.11,loan approval,Negative,Post-Launch
Facebook,2025-07-16,90bf2413-b16a-4f69-9308-8950b5d39576,Court far career second color ago pretty.,-0.47,application status,Negative,Pre-Launch
WhatsApp,2025-08-12,f16f0210-9d50-4bce-95bd-27ac60b8edbc,Operation go thank itself environmental field north enter painting.,-0.34,loan approval,Negative,Post-Launch
Website,2025-07-20,e086cdbe-ad9d-4b63-8b14-e91ecd127c9d,Stop project particular blue treat herself once cold throw.,-0.48,interest rates,Negative,Pre-Launch
Instagram,2025-07-19,9b5d9304-2e4a-4ed4-b50b-da572d85b002,Look story data for grow despite.,-0.28,interest rates,Negative,Pre-Launch
Instagram,2025-08-06,cb1b843e-ddde-4bd2-81e5-bc9c3ec6c94c,American need question staff officer mission enter rather future sing safe skin allow.,-0.53,customer service,Negative,Post-Launch
Instagram,2025-08-03,5fa2511d-eb26-424d-a055-d1de3fec0ee5,Girl about actually democratic threat lot hundred thing speak box.,-0.68,application status,Negative,Post-Launch
Website,2025-08-01,ab0faf18-e7af-4fcf-8e8d-191defd006eb,Number never say adult owner professor skill most across.,-0.26,application status,Negative,Launch
WhatsApp,2025-07-23,b29606ab-800d-4535-ba06-80ae34391181,Animal former during your short fact policy.,-0.56,customer service,Negative,Pre-Launch
WhatsApp,2025-07-15,cbc98195-8179-4def-b0fa-68b037f04789,Third beat responsibility notice long head start much throughout.,-0.25,application status,Negative,Pre-Launch
Website,2025-07-26,74b6251c-7010-43d4-a4bd-520c8719a9a7,Skin rather role raise begin instead simple either six trouble yes entire.,-0.28,payment issues,Negative,Pre-Launch
Instagram,2025-08-04,675f4c7c-dd7d-4a6b-bd20-914a8a9c8915,Management seat sign position worker worry firm best clear value him threat field.,-0.78,account balance,Negative,Post-Launch
WhatsApp,2025-08-01,fb39204c-7ccd-437a-b00c-12b02afd0ecc,Prepare majority check interesting figure speech decision after guy.,-0.6,interest rates,Negative,Launch
Facebook,2025-08-12,24481a80-3c2f-4008-add5-d7e2281887e5,Necessary number drop break charge lawyer both spring.,-0.67,customer service,Negative,Post-Launch
WhatsApp,2025-07-21,0f49cbeb-ce11-4764-b609-09dc3e4aafb3,Cut surface discuss end cause employee think only.,-0.12,application status,Negative,Pre-Launch
Instagram,2025-07-26,1c3be81e-cd3f-442c-8930-671584b3a692,Professional discuss eight member water series wife know will let.,-0.11,payment issues,Negative,Pre-Launch
WhatsApp,2025-08-02,47415111-6963-45f1-abd5-bfdc103ef919,Gun size sense heart week expert tree themselves.,-0.89,application status,Negative,Post-Launch
Instagram,2025-07-29,ce008055-af60-4f29-b214-dd2256143aae,Successful agent rest necessary big challenge official simply plant glass star.,-0.74,payment issues,Negative,Pre-Launch
Instagram,2025-07-31,4bfe3cdf-ce3c-4e35-8906-8df5ec68d06d,Pay cause southern sort discussion data road last ever.,-0.17,interest rates,Negative,Pre-Launch
Facebook,2025-08-07,21d2d5e3-b88e-41ae-9cdd-c2820196a069,Drop marriage notice pressure everybody view political without reach discussion meeting.,-0.38,interest rates,Negative,Post-Launch
WhatsApp,2025-07-24,6445b4cb-b4e0-4055-86db-bebe6f6981c2,Necessary somebody detail offer news recently push growth fine enough tree easy.,-0.96,customer service,Negative,Pre-Launch
Website,2025-08-13,51b2678b-e01d-4a92-a40f-8cbf71d40eba,Rock candidate meeting difference hospital case account us.,-0.49,payment issues,Negative,Post-Launch
Facebook,2025-07-30,0d2767a9-e069-4669-8b4a-f8a047dc7e64,Trouble camera pass radio part traditional seven will political author million tend song.,-0.99,payment issues,Negative,Pre-Launch
WhatsApp,2025-07-25,763d02f5-613c-43de-9b13-b533b01c483c,Animal assume art kid also carry second our local become provide party.,-0.56,payment issues,Negative,Pre-Launch
Instagram,2025-07-30,c85af012-6cb6-497b-b433-c1607f8b4db2,Figure which final draw others upon surface responsibility degree.,-0.85,customer service,Negative,Pre-Launch
Facebook,2025-08-07,0c921193-bcf4-4e9e-bfb7-c6add973ad3a,Bed under perform few do not any girl south imagine seem.,-0.15,application status,Negative,Post-Launch
Website,2025-08-06,bc98e319-d17e-4c0b-859e-803f37646030,Store various old energy again foreign meet heart.,-0.88,application status,Negative,Post-Launch
WhatsApp,2025-07-19,d38dda3f-e106-4b8d-a4e9-65a98b3a6d55,Produce relationship their analysis assume film.,-0.43,account balance,Negative,Pre-Launch
WhatsApp,2025-07-19,634dda33-a74f-439e-bcf0-0ae8ef18356b,Body training spring section right after.,-0.64,loan approval,Negative,Pre-Launch
Instagram,2025-07-23,92b7a9fe-fb17-4157-8738-a3d00713927a,Wide under opportunity side project report their.,-0.73,customer service,Negative,Pre-Launch
WhatsApp,2025-07-19,633c50fe-8823-4eb5-b607-5cd4cd463d41,Ago remain per child federal man candidate soldier chair position.,-0.25,loan approval,Negative,Pre-Launch
Website,2025-08-07,b776b75d-f377-458d-a1ab-865e1756dd1a,Crime surface behavior else money child affect long number son family.,-0.1,loan approval,Negative,Post-Launch
Instagram,2025-08-12,ebd4a609-8721-4198-8410-2188cfcd8def,Event student give final response risk almost.,-0.25,interest rates,Negative,Post-Launch
Instagram,2025-08-05,62d123a5-ebb3-4be0-9c43-23d532730f45,Mr walk tough appear yourself total small yet respond teacher.,-0.84,customer service,Negative,Post-Launch
Facebook,2025-07-21,967cbf6e-6395-4357-b51e-58ed80d7167f,Look night for amount know seem once item Republican.,-0.73,account balance,Negative,Pre-Launch
Facebook,2025-08-09,23b41854-dc1a-4617-bed1-c367edc10de0,Against right party over bar take three individual agency arm management example.,-0.76,payment issues,Negative,Post-Launch
Facebook,2025-08-03,d234a0dc-49d0-4c4e-a465-8948996e5b38,Play quickly later gas sister feel key left turn cut pass world.,-0.21,customer service,Negative,Post-Launch
Website,2025-07-30,4d5ac3bc-d2ba-45da-bf2a-1122be436cb0,History democratic after argue anyone season happy area her lot local require five.,-0.75,account balance,Negative,Pre-Launch
Website,2025-08-02,9f777e72-edeb-4d32-8c72-ecb87f0c7a64,Computer success south type maybe key throw.,-0.15,customer service,Negative,Post-Launch
Facebook,2025-07-30,c4430ec4-b9b7-4ef0-9f55-c13c335ddd6c,Risk arm off actually as the.,-0.24,loan approval,Negative,Pre-Launch
WhatsApp,2025-08-06,ac5af2db-ec59-460d-ab5b-bce289b02066,If focus line wish my someone nature note.,-0.54,loan approval,Negative,Post-Launch
Facebook,2025-07-19,634b74a8-70f5-4672-b39f-b9ee05f20052,Level election member crime community line food door experience behind human against watch.,-0.69,payment issues,Negative,Pre-Launch
Website,2025-08-12,f9782144-c661-446f-a0d9-b9c1d2509f32,Medical this final never film voice commercial available.,-0.62,interest rates,Negative,Post-Launch
Facebook,2025-07-25,693332fc-0f57-4e60-b3fa-625e864e1226,Science stage chair laugh theory cover order before summer star father smile.,-0.94,payment issues,Negative,Pre-Launch
Website,2025-07-27,e4b4a373-7f54-4974-9de8-1ba6cd457493,Idea hand stay the number foot school well term write.,-0.52,loan approval,Negative,Pre-Launch
Facebook,2025-07-29,bd9a8395-49bd-414a-b716-0ddaab7f83ad,Sit tell trouble herself first catch forget others.,-0.87,application status,Negative,Pre-Launch
Instagram,2025-08-03,4e826fea-6c5b-46eb-a36c-c4ac6fc82853,Sit discover woman there huge surface painting season allow ask.,-0.11,payment issues,Negative,Post-Launch
Website,2025-07-19,ab5533e0-1e0b-46f4-96b6-154b9d56ff27,Upon idea people account writer set even wide south rock.,-0.51,interest rates,Negative,Pre-Launch
WhatsApp,2025-08-09,388435ef-fa89-4762-997f-a7f3f3a27c85,Investment voice middle security actually garden church social.,-0.91,loan approval,Negative,Post-Launch
Website,2025-07-19,f12e2449-4379-4395-9ded-0ad6f4da59be,Spring current final before property range safe peace production assume.,-0.12,interest rates,Negative,Pre-Launch
Website,2025-07-27,029ff059-f941-41db-a64f-f53620828db6,Either coach again teacher director sister already daughter use major.,-0.72,customer service,Negative,Pre-Launch
WhatsApp,2025-07-15,8cc6820f-fdee-4ac2-9273-85855b014542,Town some enter join might particular service record natural paper reason official.,-0.53,interest rates,Negative,Pre-Launch
Instagram,2025-08-12,b3f36ced-8218-4a1b-96be-206360e797a3,Trade ahead evening drop treatment group everyone else forward military bar tell speak.,-0.53,application status,Negative,Post-Launch
WhatsApp,2025-08-09,80095c65-a6ba-494d-945e-230632b7bf9a,Near agreement new sort camera them direction billion because such.,-0.17,account balance,Negative,Post-Launch
Facebook,2025-07-15,c2a1513d-da85-4d4d-b3f3-0f48cbea5b1f,Radio usually effect themselves ready yet see girl deal list find.,-0.45,application status,Negative,Pre-Launch
Facebook,2025-08-09,a63a5bf0-272c-4f9d-8484-2366ca47887e,About road suffer majority painting field maintain final plan water model above alone.,-0.65,loan approval,Negative,Post-Launch
